"","LakeID","Expt","Year","DDload","TotLoad","TP","Chl","Secchi","Hyper","Pexport"
"1",1,1,1987,9516.5,9516.5,0.02052011073622,4.37071067587559,2.41519671036961,0.0121585754612649,5874.42833923702
"2",1,1,1988,4403.9,4403.9,0.0182960337235056,3.78199565843988,2.51181475746478,0.00824566870939224,3804.85857266679
"3",1,1,1989,6006.9,6006.9,0.0189661129076706,3.95269487324407,2.4811123930438,0.00931485796999767,3419.77440871372
"4",1,1,1990,8001.2,8001.2,0.0198341213017434,4.18236279755656,2.44343878490094,0.0108384311325711,3432.33791684068
"5",1,1,1991,11905,11905,0.0216498976705686,4.6940873305203,2.37134130301737,0.0145685691482425,4111.21799345763
"6",1,1,1992,6826.8,6826.8,0.0193182744224789,4.04470939687383,2.46555414705317,0.00991370991548055,2897.21481095667
"7",1,1,1993,32499,32499,0.0343673649670603,9.42582377148461,2.02476766235414,0.0669823603469569,8723.95233522481
"8",1,1,1994,13747,13747,0.0225634915179338,4.96756572819854,2.33806484534962,0.0167432870404826,5086.72757710701
"9",1,1,1995,16805,16805,0.0241661123274542,5.47307646305655,2.28384878816028,0.0210779107626465,5664.5675500143
"10",1,1,1996,37969,37969,0.0388554441964089,11.5261416640132,1.94155298050804,0.0984762587590507,10638.1565171226
"11",1,1,1997,10252,10252,0.0208615807826021,4.46671971402671,2.40160641283849,0.0128554188140673,4880.24634797822
"12",1,1,1998,26609,26609,0.0301125583012416,7.62872571522402,2.11836396091489,0.0436906994121884,8253.06263793571
"13",1,1,1999,10323,10323,0.0208948431464558,4.47615197117293,2.4002985552902,0.0129247382122287,4690.8435174218
"14",1,1,2000,39401,39401,0.0401242425747829,12.1541110669122,1.92033874978312,0.108670800757871,11115.9717053006
"15",1,1,2001,11636,11636,0.021519611108794,4.65595929173632,2.37624036703555,0.014275191617193,5349.47288117644
"16",1,1,2002,8563.1,8563.1,0.0200857813685272,4.25075759914387,2.4329278039065,0.0113105570405067,4167.73357264703
"17",1,1,2003,7556.7,7556.7,0.0196372772776065,4.12943228651605,2.45178582523945,0.0104788023781685,3516.20405028888
"18",1,1,2004,26389,26389,0.0299642722274481,7.56978129481073,2.12194252146422,0.042990787038706,7617.28301294098
"19",1,1,2005,8836.1,8836.1,0.0202092008770677,4.28459712693776,2.42783735981075,0.0115472229254086,3942.86042877463
"20",1,1,2006,27182,27182,0.0305022299295517,7.7848408441278,2.10907174103844,0.045565040954197,7932.37814162768
"21",1,1,2007,32801,32801,0.0346010479394847,9.53022340945228,2.02008171239309,0.0684451903977791,9674.67188559671
"22",1,1,2008,43379,43379,0.0438705234203052,14.0859368726676,1.86261550922115,0.14195445788576,12633.5500777538
"23",1,1,2009,17764,17764,0.0246917761608013,5.64599491345113,2.26710677084,0.022650984959504,7315.79923019484
"24",1,1,2010,33289,33289,0.0349820177804746,9.70164094573378,2.01253262333746,0.0708716404590799,10530.9243284248
"25",1,1,2011,11848,11848,0.0216222247785237,4.6859706982226,2.37237855058818,0.014505911690295,5756.59525861242
"26",1,1,2012,9983.9,9983.9,0.020736456988729,4.43136550358494,2.4065513857573,0.0125969581641282,4747.8421348409
"27",1,1,2013,30388,30388,0.0327773885676029,8.73087535031719,2.05782772138412,0.0575420127859389,9083.00813383611
"28",1,2,1987,14741,14741,0.0230724080406786,5.12454229663569,2.32030224547098,0.0180463395484038,7099.13590265577
"29",1,2,1988,5952.6,5952.6,0.0189430180569419,3.94671603418635,2.48214623766866,0.00927648720256072,4348.37304700634
"30",1,2,1989,8656,8656,0.0201276953323184,4.26222775503539,2.43119436430453,0.0113905496171781,4215.30886665557
"31",1,2,1990,10954,10954,0.0211927964664049,4.56127703900962,2.38870644922243,0.0135572310695276,4333.09821595697
"32",1,2,1991,17397,17397,0.0244892724670426,5.57896690402753,2.27349923262889,0.0220358763396466,5640.52537328085
"33",1,2,1992,9005.5,9005.5,0.0202861652557969,4.30579850047868,2.42468403035477,0.0116965309974435,3759.89060039817
"34",1,2,1993,49154,49154,0.0499402499608392,17.423064981909,1.78189048878621,0.204887311531806,12939.471085764
"35",1,2,1994,17203,17203,0.0243828987750319,5.54396527300236,2.27688563316635,0.0217173507334193,6680.99785614228
"36",1,2,1995,21793,21793,0.0270280864643066,6.4564708121705,2.19809982750665,0.0306056356279514,7479.1357432546
"37",1,2,1996,52621,52621,0.0539805045287926,19.7534640027435,1.7351180300024,0.2516194160439,14677.9320457187
"38",1,2,1997,12245,12245,0.0218157013004897,4.74292446430697,2.36516362585742,0.0149478918652389,6259.42189648851
"39",1,2,1998,33526,33526,0.0351685483678619,9.786115937411,2.0088765488538,0.072078518427863,10555.0356655583
"40",1,2,1999,12299,12299,0.0218421514196637,4.75074792731917,2.36418394746218,0.0150090258089172,5849.41340001419
"41",1,2,2000,53548,53548,0.0551151048521181,20.4198958413858,1.72282146421166,0.265248852476081,14966.8987565538
"42",1,2,2001,13913,13913,0.0226476940276869,4.99330950559094,2.33508902537368,0.0169542799040426,6730.51474547958
"43",1,2,2002,9588.4,9588.4,0.020553243718197,4.37996083693959,2.41386478417676,0.0122250177453898,5055.00720717913
"44",1,2,2003,8754.2,8754.2,0.0201720956073462,4.27440292518925,2.42936337369057,0.011475713832449,4266.23075930146
"45",1,2,2004,30589,30589,0.0329255556425711,8.79448508700546,2.0546567757982,0.0583841534675985,8957.96707557701
"46",1,2,2005,9885.4,9885.4,0.0206906752292794,4.41847996151215,2.40837072639565,0.0125032939325318,4572.77867434872
"47",1,2,2006,31715,31715,0.033768057935511,9.16070301152234,2.03698331263848,0.0633192765742385,9288.74687499406
"48",1,2,2007,38592,38592,0.039402435733926,11.7951296866998,1.93229495585026,0.102802452023892,11385.7889147524
"49",1,2,2008,51628,51628,0.0527910214032814,19.0600228726125,1.74838745766621,0.237544565209997,15004.4616457313
"50",1,2,2009,19802,19802,0.0258471596333152,6.0382947332662,2.23193422320891,0.0263839613717298,8371.73067318949
"51",1,2,2010,40113,40113,0.0407704355948076,12.4792745814336,1.9098773275032,0.11407688407298,12588.7753338709
"52",1,2,2011,13035,13035,0.0222058703516755,4.85923959387719,2.35087168027708,0.0158672118648889,6577.88664333048
"53",1,2,2012,10941,10941,0.0211866153086371,4.55949950066926,2.38894470658638,0.0135438973316614,5377.42337845787
"54",1,2,2013,34898,34898,0.0362680917959356,10.291233954589,1.98784156589011,0.0794447808119649,10445.0703450366
"55",1,3,1987,20563,20563,0.0262923157198669,6.19389876791531,2.21894098545534,0.0279261655901471,8463.90716004385
"56",1,3,1988,7811.8,7811.8,0.0197500065907451,4.15968386416918,2.44699195136892,0.0106837255619944,4985.31367772624
"57",1,3,1989,11736,11736,0.0215679529641995,4.67008098451719,2.37441797285127,0.0143835677248915,5136.42237558785
"58",1,3,1990,14254,14254,0.0228216512706904,5.04678187889937,2.3289879220157,0.0173959345977639,5346.61131404659
"59",1,3,1991,23238,23238,0.0279188133254334,6.78323504565492,2.17386562876241,0.0340721225764824,7284.6731990382
"60",1,3,1992,11386,11386,0.0213992299800184,4.62092379496375,2.3808024741981,0.0140077598679004,4704.08013452733
"61",1,3,1993,62391,62391,0.0672119460851165,27.7160695360221,1.60981341876969,0.4157311297037,16383.6698903431
"62",1,3,1994,21211,21211,0.0266774096118344,6.33049215056254,2.20793674219299,0.0293080951691492,8306.65907071299
"63",1,3,1995,26810,26810,0.0302486792638406,7.68305992831907,2.11509973389461,0.0443396601157022,9253.8367357885
"64",1,3,1996,64521,64521,0.0705023368787165,29.7253441122605,1.58372006174453,0.455894080080775,18042.2973680608
"65",1,3,1997,14304,14304,0.0228472702763618,5.05468955022923,2.3280946731287,0.0174616363645886,7538.68426679211
"66",1,3,1998,41411,41411,0.041975364738122,13.0948131183072,1.8909522336089,0.12453597596298,13008.8146834864
"67",1,3,1999,14406,14406,0.0228996222593014,5.07087482854068,2.32627350756849,0.0175964246288466,7021.75444532861
"68",1,3,2000,69375,69375,0.0786151378155535,34.6494413797892,1.5258258557491,0.548738146295356,19204.8103656224
"69",1,3,2001,16380,16380,0.0239367468324733,5.39872307072286,2.29130783020548,0.020415430946689,8209.54521993448
"70",1,3,2002,10691,10691,0.0210680969649321,4.52551168064585,2.39353120461413,0.0132899809547492,6002.81328423372
"71",1,3,2003,10271,10271,0.020870476786145,4.46924097410042,2.40125635297259,0.012873933035715,5122.22269657547
"72",1,3,2004,35745,35745,0.0369639860481354,10.6171155510231,1.97496579065261,0.0843296572238917,10554.6525565707
"73",1,3,2005,11039,11039,0.0212332561959867,4.57292431410139,2.38714919812278,0.0136447328180872,5281.5654909618
"74",1,3,2006,37119,37119,0.0381213745371343,11.1693994575711,1.95425590083688,0.0928356367951829,10889.3940049067
"75",1,3,2007,45610,45610,0.0461226351571268,15.2972997416924,1.83100512322514,0.164109758727002,13441.518730965
"76",1,3,2008,61074,61074,0.0652547584773907,26.521871910987,1.62616183991304,0.391412535898106,17736.5740541993
"77",1,3,2009,22293,22293,0.0273330341943635,6.56725013214175,2.18968387595071,0.0317646436382127,9629.26333399502
"78",1,3,2010,48772,48772,0.0495140085480282,17.1816829207428,1.78712046214888,0.200153487816514,15156.4206516693
"79",1,3,2011,14407,14407,0.0229001361073856,5.07103386480265,2.32625566005788,0.0175977511275569,7559.34802971695
"80",1,3,2012,12137,12137,0.021762897113999,4.72733280201247,2.36712420070329,0.0148263587566,6147.73735793342
"81",1,3,2013,40620,40620,0.0412369097468496,12.7161718339957,1.90246272986558,0.118067980294329,12156.3266494395
"82",1,4,1987,22700,22700,0.0275838000714709,6.65919927267471,2.18285708683471,0.0327393133266115,8964.85463119436
"83",1,4,1988,8807.5,8807.5,0.0201962357320972,4.28103310783574,2.42837014459269,0.0115222015925183,5292.5420065594
"84",1,4,1989,13048,13048,0.0222123488753102,4.86118741332771,2.35063722006208,0.0158827960396953,5527.88306335477
"85",1,4,1990,16130,16130,0.0238028441988085,5.3556246936423,2.29570687670296,0.0200353058858031,5887.97400376264
"86",1,4,1991,25735,25735,0.0295277561082163,7.39775813120286,2.13261634253367,0.0409728436931619,8002.95663718268
"87",1,4,1992,12642,12642,0.0220109090580218,4.80087469713692,2.35797064329894,0.0154031282382323,5173.93011052104
"88",1,4,1993,66895,66895,0.0743598245630696,32.0753142178559,1.55513569263058,0.501319567408428,17600.5244009276
"89",1,4,1994,22888,22888,0.0277004084769583,6.70221769135125,2.17971087092,0.0331992277607398,8963.37289048173
"90",1,4,1995,28474,28474,0.0313994648995891,8.15094756652507,2.08826894442649,0.0500759582180721,9878.6310668646
"91",1,4,1996,68085,68085,0.0763721494557704,33.2956709559172,1.54100209351957,0.52412857759783,19092.6688728341
"92",1,4,1997,15591,15591,0.0235166930360311,5.26428737139982,2.30521997576902,0.0192391936598118,8107.63417172262
"93",1,4,1998,44180,44180,0.0446661616403383,14.5099152843872,1.85120406807104,0.149606766273013,13881.6205689775
"94",1,4,1999,15549,15549,0.0234945405505495,5.25725993374881,2.30596290967349,0.0191784776936717,7535.38511337861
"95",1,4,2000,74157,74157,0.0875199782965566,39.929164885294,1.4708602946066,0.637032158513366,20530.0592379352
"96",1,4,2001,17636,17636,0.0246209587058239,5.62249567777859,2.2693342505053,0.0224345695020891,8806.16522034302
"97",1,4,2002,11286,11286,0.0213512662959729,4.60701638508082,2.38262976856349,0.013902175425973,6388.3597826869
"98",1,4,2003,10914,10914,0.0211737832793009,4.55581091385097,2.38943962474065,0.0135162454975383,5458.54494749627
"99",1,4,2004,37959,37959,0.0388467264405117,11.5218762860997,1.94170194557836,0.0984081581036385,11220.3392246408
"100",1,4,2005,11646,11646,0.0215244404144741,4.65736868636748,2.37605806469291,0.0142859929138658,5598.72092556503
"101",1,4,2006,39232,39232,0.0399723726063377,12.0782055704718,1.92283027147796,0.107421089381719,11522.9658706797
"102",1,4,2007,47926,47926,0.0485829342272124,16.6577629460908,1.79875778068243,0.189963002847724,14150.1426669719
"103",1,4,2008,64564,64564,0.0705703954855732,29.76688433689,1.58319767303957,0.456712648639876,18745.8362670203
"104",1,4,2009,23512,23512,0.0280909941684206,6.84751337577999,2.16930058025143,0.0347708857008229,10163.7791255788
"105",1,4,2010,51609,51609,0.0527685193244717,19.0469596343499,1.74864234102267,0.237280614198555,16030.4140122801
"106",1,4,2011,15178,15178,0.0232997643200437,5.19574025299675,2.31253590005532,0.0186502498891875,7978.23007766062
"107",1,4,2012,12708,12708,0.0220435306456382,4.81060655564874,2.35677695504994,0.0154801217111065,6467.9482387475
"108",1,4,2013,42710,42710,0.0432168740763768,13.7410372491911,1.8722003057489,0.135816011445665,12790.972711754
"109",1,5,1987,25427,25427,0.029324388007525,7.31838001745504,2.13766173803897,0.0400541978922233,9604.10767463257
"110",1,5,1988,9957.7,9957.7,0.0207242696258397,4.42793266899969,2.40703517768804,0.0125719770191423,5656.36848231698
"111",1,5,1989,14506,14506,0.0229510641846458,5.08681287392276,2.32448943413466,0.0177295617540195,5972.57502283021
"112",1,5,1990,18237,18237,0.0249552404603791,5.7339753698775,2.25889448837074,0.0234685379060245,6501.27795011002
"113",1,5,1991,28446,28446,0.0313797431516012,8.14280165362884,2.08871759646969,0.0499738565615342,8791.31731066879
"114",1,5,1992,14054,14054,0.0227194621960296,5.01532327358694,2.33256434611747,0.0171355474091576,5701.09653347467
"115",1,5,1993,71553,71553,0.0825526438215407,37.0049960870418,1.50054114976307,0.589692861718717,18872.7832591223
"116",1,5,1994,24686,24686,0.0288408360310183,7.13160949278315,2.1498491310624,0.0379242756564551,9666.71823173835
"117",1,5,1995,30204,30204,0.0326423376673772,8.6731058520255,2.06073476772567,0.0567811093863452,10535.3285021571
"118",1,5,1996,71621,71621,0.082678702521826,37.0799025717798,1.49975850969208,0.590954735911102,20149.7773562201
"119",1,5,1997,17068,17068,0.0243091486047594,5.51978227818722,2.27924512486429,0.021498357289065,8729.07670444749
"120",1,5,1998,46878,46878,0.0474537880879813,16.0288870956197,1.8132788847356,0.177896306411545,14749.6806889017
"121",1,5,1999,16725,16725,0.0241227703639416,5.45897515415516,2.28525098556641,0.0209516216824859,8062.27878566711
"122",1,5,2000,78952,78952,0.0974619078657649,45.5825285978207,1.41773337505273,0.717163677135317,21863.2026210665
"123",1,5,2001,18977,18977,0.0253730763128972,5.87529762210567,2.24610615483018,0.0248056679072944,9426.41063257291
"124",1,5,2002,11919,11919,0.0216566999372092,4.69608398318063,2.37108660983627,0.0145839994430669,6788.23194268876
"125",1,5,2003,11612,11612,0.0215080251954667,4.6525792557455,2.37667794972727,0.0142493013316602,5812.70651878345
"126",1,5,2004,40379,40379,0.0410145117089855,12.603003879912,1.90598362674822,0.116155963008558,11939.5331267941
"127",1,5,2005,12325,12325,0.0218548980973543,4.7545213678748,2.36371239519514,0.0150385484197737,5943.36973685268
"128",1,5,2006,41550,41550,0.0421064905799234,13.1625024386725,1.88893673572517,0.125703492004504,12214.1999998716
"129",1,5,2007,50330,50330,0.0512756220591423,18.1851694542446,1.76588572981283,0.219979315242293,14892.9201088117
"130",1,5,2008,68148,68148,0.0764801893425527,33.3610472318756,1.54025743465305,0.525334148905719,19789.2446324608
"131",1,5,2009,24878,24878,0.0289653581462553,7.17943995356229,2.14668461050514,0.0384654819634455,10744.1241189418
"132",1,5,2010,54590,54590,0.056418952933177,21.1911529890399,1.70910343491772,0.28112083366279,16950.8671492876
"133",1,5,2011,16080,16080,0.023776153692978,5.3470612317733,2.2965876989634,0.0199601170640667,8441.31545868937
"134",1,5,2012,13369,13369,0.0223729194992437,4.90963612494251,2.34485526772466,0.0162724173948063,6822.83282226528
"135",1,5,2013,45029,45029,0.0455252369400274,14.9726286400741,1.83918510870307,0.158085408291347,13491.5146548124
"136",2,1,1987,1410.4,7284.82833923702,0.0277005688112054,6.70227695477973,1.81358590780659,0.0331998630663452,3954.1826592749
"137",2,1,1988,425.75,4230.60857266679,0.0260069704600684,6.09387275190643,1.84202128901143,0.0269308486564449,2301.5876610007
"138",2,1,1989,632.04,4051.81440871372,0.025880617450219,6.04990413670345,1.84423488081761,0.0264978332635944,2174.01129657979
"139",2,1,1990,796.1,4228.43791684068,0.0259577331779419,6.07671539239407,1.84288228470148,0.0267615500148464,2251.94752060787
"140",2,1,1991,1162.4,5273.61799345763,0.0265005491819513,6.26753157678294,1.83350098464294,0.0286678726872487,2794.07488852684
"141",2,1,1992,635.9,3533.11481095667,0.0255963063080749,5.95169728883649,1.84926539859774,0.0255406657014842,1884.6549821345
"142",2,1,1993,4365.1,13089.0523352248,0.030977380020426,7.9775735920412,1.76426708993943,0.0479198032992388,6882.8889378338
"143",2,1,1994,859.95,5946.67757710701,0.0268922113278664,6.40747872465419,1.82687955318384,0.0300984282925107,3178.38717360197
"144",2,1,1995,1153.4,6817.9675500143,0.0273500506604966,6.57346531683988,1.81929009144073,0.0318301644053204,3620.60156862728
"145",2,1,1996,3606.7,14244.8565171226,0.031725247949299,8.28614549852985,1.7539188519401,0.0517818931446728,7507.78388861509
"146",2,1,1997,542.31,5422.55634797822,0.0266247447122727,6.31170354474293,1.83138819956242,0.029116462445569,2916.551359931
"147",2,1,1998,1895.2,10148.2626379357,0.0292364041293424,7.28418989833543,1.78961267832059,0.0396609697785177,5367.7057136506
"148",2,1,1999,649.56,5340.4035174218,0.0265665255548293,6.29097329658474,1.83237707700359,0.0289055966483084,2859.20934079044
"149",2,1,2000,3886.8,15002.7717053006,0.0322085328499602,8.48889993230137,1.74739205059274,0.0543799896646798,7903.81414317591
"150",2,1,2001,787.9,6137.37288117644,0.027010734304685,6.45020155177111,1.82489946601832,0.0305405467504383,3293.58333449055
"151",2,1,2002,324.15,4491.88357264703,0.0261142928990535,6.13137520856667,1.84015159962515,0.0273023586687785,2409.46332140783
"152",2,1,2003,440.37,3956.57405028888,0.0258207816545582,6.02915178098506,1.84528785629757,0.0262944176959977,2113.37869230503
"153",2,1,2004,1812.2,9429.48301294098,0.028796901907746,7.11477801003357,1.79630969769481,0.0377345261639477,4970.93526411475
"154",2,1,2005,294,4236.86042877463,0.0259757289700294,6.08298275457064,1.84256736248474,0.0268233440001937,2270.10146339186
"155",2,1,2006,1106.3,9038.67814162768,0.028578437678915,7.03142551748775,1.79968618665925,0.0368002511286264,4771.45293985669
"156",2,1,2007,2320.1,11994.7718855967,0.0303343554128407,7.71736892320635,1.77341679454326,0.0447513069484112,6333.41491946369
"157",2,1,2008,2537,15170.5500777538,0.0323444181366705,8.54637697245087,1.7455788701856,0.0551250736013102,8014.09604066447
"158",2,1,2009,907.47,8223.26923019484,0.0281714973425729,6.87768975104427,1.806062312858,0.0351008170416032,4395.77121526443
"159",2,1,2010,2022.1,12553.0243284248,0.0306954889507062,7.86291835349192,1.76824874133305,0.0465135805233904,6643.42647545032
"160",2,1,2011,435.59,6192.18525861242,0.0270396644496111,6.46065594625242,1.82441779282473,0.0306491166758171,3321.62468992508
"161",2,1,2012,412.36,5160.2021348409,0.0264655006839065,6.25510058480006,1.83409945550775,0.0285421210022566,2759.40765836987
"162",2,1,2013,2069.2,11152.2081338361,0.0298187677422167,7.51219227654196,1.78092961818925,0.0423111229166487,5884.35713215893
"163",2,2,1987,2133.6,9232.73590265577,0.0288005905756552,7.11619027915388,1.79625296159954,0.037750433320411,4974.29042411178
"164",2,2,1988,568.09,4916.46304700634,0.0263739127299581,6.22268801115857,1.8356680418818,0.0282152545760181,2668.59883297637
"165",2,2,1989,891.96,5107.26886665557,0.0264385298433232,6.2455449288677,1.83456066936449,0.0284456032816979,2732.69894218215
"166",2,2,1990,1043.6,5376.69821595697,0.0265672831568361,6.2912427888485,1.83236419146435,0.0289083340488091,2859.95633532172
"167",2,2,1991,1741.1,7381.62537328085,0.0276489923691393,6.68322918584711,1.81441957816659,0.0329959131086134,3905.36414287075
"168",2,2,1992,1001.7,4761.59060039817,0.0262442214960404,6.17696874642233,1.83790085977616,0.0277567068908714,2539.46997470978
"169",2,2,1993,7054.5,19993.971085764,0.0355759153811421,9.97183649694615,1.7050652250942,0.0747573437350924,10508.5715922029
"170",2,2,1994,1250.2,7931.19785614228,0.0280144752028298,6.8189031032168,1.80855337918089,0.0344591895083027,4249.35763080108
"171",2,2,1995,1789.9,9269.0357432546,0.0287465735678715,7.0955251930801,1.79708471360618,0.0375179280067859,4925.11433607045
"172",2,2,1996,5862.1,20540.0320457187,0.036005398211023,10.1694539488725,1.70002709893127,0.0776456881218283,10822.9108384804
"173",2,2,1997,671.01,6930.43189648851,0.0274739785622855,6.61883616414507,1.81726297880204,0.0323100527557422,3739.02731758576
"174",2,2,1998,2627.7,13182.7356655583,0.0310880244055093,8.02282524939541,1.76271658632863,0.048479133973471,6976.28477165522
"175",2,2,1999,813.06,6662.47340001419,0.0272990413291384,6.55484500437309,1.82012779012575,0.0316340251238123,3571.70098299134
"176",2,2,2000,5614.2,20581.0987565538,0.036027075768412,10.1794773361527,1.69977479457579,0.0777932178435775,10838.6771201309
"177",2,2,2001,1023.6,7754.11474547958,0.0279278247698196,6.78659028132943,1.80993550346878,0.0341084612793803,4168.20959338243
"178",2,2,2002,409.24,5464.24720717913,0.026645112592115,6.31896587917098,1.83104287864846,0.029190475741169,2936.58277203934
"179",2,2,2003,562.89,4829.12075930146,0.0262863997284979,6.19181468537564,1.8371731953696,0.0279052834408075,2581.53519682185
"180",2,2,2004,2333.6,11291.567075577,0.0298983530703859,7.54366055368707,1.77975942504108,0.0426820006312742,5954.17742432427
"181",2,2,2005,365.73,4938.50867434872,0.0263535167153296,6.21548410301212,1.83601828000572,0.0281428067007758,2648.33339514414
"182",2,2,2006,1372.1,10660.8468749941,0.0295285854709495,7.3980828451047,1.78522956027188,0.0409766179284385,5628.19187024703
"183",2,2,2007,3097.7,14483.4889147524,0.0318933406298462,8.35636995013119,1.75163477122295,0.05267638579522,7646.20841223267
"184",2,2,2008,3526,18530.4616457313,0.0346100083016498,9.53423785464364,1.71667831124663,0.0685016674762754,9787.53052089443
"185",2,2,2009,1160.1,9531.83067318949,0.0289393842808604,7.16944781940404,1.79412470881868,0.0383521771003176,5100.22392295156
"186",2,2,2010,2788.7,15377.4753338709,0.0324948604750065,8.61024974542788,1.74358249208288,0.0559574670007613,8135.65302965806
"187",2,2,2011,551.58,7129.46664333048,0.027568679951071,6.65363338702865,1.81572159776021,0.03267998969846,3829.16463493123
"188",2,2,2012,516.46,5893.88337845787,0.0268673997793526,6.39855702810427,1.82729544103323,0.0300064193469773,3154.2078005322
"189",2,2,2013,2627.2,13072.2703450366,0.0309942439168414,7.98446160414163,1.76403032392915,0.0480047846991494,6897.14541798357
"190",2,3,1987,3517,11980.9071600438,0.0304272279916986,7.75465585061352,1.77208042982852,0.0452003143708103,6413.49159125693
"191",2,3,1988,1068.2,6053.51367772624,0.0269916994917853,6.44332861240827,1.82521673754407,0.030469252393377,3275.11692120596
"192",2,3,1989,1690.1,6826.52237558785,0.0273725491519192,6.58168822223644,1.81892122959862,0.03191693124279,3642.14098615447
"193",2,3,1990,1828.1,7174.71131404659,0.0275508117295043,6.64705948748927,1.81601191927693,0.0326099759796858,3812.1812835804
"194",2,3,1991,3103.3,10387.9731990382,0.0293747088570524,7.33797563920765,1.7875311451942,0.0402802391534871,5491.33037572544
"195",2,3,1992,1838.8,6542.88013452734,0.0272131194891594,6.52355233734797,1.8215432590298,0.031305462662026,3489.12423327274
"196",2,3,1993,11591,27974.6698903431,0.0417523439722383,12.9799987478925,1.63906562831738,0.122563359110476,14702.0321207627
"197",2,3,1994,2548.8,10855.459070713,0.0297439899700399,7.48269254518286,1.78203267600508,0.0419645650452541,5818.58450228061
"198",2,3,1995,3481.8,12735.6367357885,0.0308414954681525,7.92219068409334,1.76618076658038,0.0472385739337865,6767.73018833422
"199",2,3,1996,9442.9,27485.1973680608,0.0414079638689237,12.8034883342616,1.64241669812746,0.119549943347076,14485.0761033209
"200",2,3,1997,1096.5,8635.18426679211,0.0284678903868079,6.98946542073171,1.80140704214099,0.0363333459902511,4669.92905890692
"201",2,3,1998,5130.1,18138.9146834864,0.0343555269331471,9.42055023168325,1.7198053201785,0.0669087715423298,9594.21215943337
"202",2,3,1999,1391.1,8412.85444532861,0.028302642965914,6.92701682792036,1.80399499092418,0.0356427159938887,4517.4324466148
"203",2,3,2000,10334,29538.8103656224,0.043123853019261,13.6922113007296,1.62605385590378,0.134953505778544,15548.6702480265
"204",2,3,2001,1892.4,10101.9452199345,0.0293188610629955,7.31622957557091,1.78837019986657,0.0400294215084869,5441.48063739161
"205",2,3,2002,792.02,6794.83328423372,0.0273919234679266,6.58877424180752,1.8186038912204,0.0319917754164356,3660.67522439843
"206",2,3,2003,1106.1,6228.32269657547,0.0270490971254918,6.46406682541399,1.82426088210778,0.0306845714576642,3330.76109049296
"207",2,3,2004,4131.2,14685.8525565707,0.0320127364449376,8.40644236712782,1.7500214901365,0.0533176693746319,7744.08857999125
"208",2,3,2005,689.32,5970.8854909618,0.0269222866311331,6.41830331445485,1.8263760758344,0.0302102091083762,3207.66629371385
"209",2,3,2006,2705.9,13595.2940049067,0.031326806360914,8.1209583222832,1.75939375906331,0.0497004556858492,7176.71493468023
"210",2,3,2007,5086.5,18528.018730965,0.0346012556570431,9.5303164621659,1.71678538526127,0.0684464993165224,9780.9051564866
"211",2,3,2008,5846.8,23583.3740541993,0.0383226468805819,11.2667230104819,1.67407933015637,0.0943633126907555,12456.7449042398
"212",2,3,2009,1950.2,11579.463333995,0.0301828654436208,7.65676269193514,1.77560760017469,0.0440251165010823,6202.26951926965
"213",2,3,2010,4752.4,19908.8206516693,0.0356037283117567,9.98457789827961,1.7047366692312,0.0749423978992253,10529.042552623
"214",2,3,2011,955.56,8514.90802971695,0.0283716610459797,6.95305946826828,1.80291181022907,0.0359301054734556,4581.23295612982
"215",2,3,2012,924.05,7071.78735793342,0.0275248182511554,6.63750317536556,1.81643467870769,0.0325083027095279,3787.45537770861
"216",2,3,2013,4396.4,16552.7266494395,0.0332421743395424,8.93121407417065,1.73383357743219,0.0602095210355585,8731.25879479271
"217",2,4,1987,3766.5,12731.3546311944,0.0308871721332047,7.94078367569153,1.76553632645003,0.0474668648614091,6806.49652988926
"218",2,4,1988,1201.8,6494.3420065594,0.0272337693545543,6.53106474728401,1.82120256685742,0.0313842187348766,3508.99393880828
"219",2,4,1989,1864.9,7392.78306335477,0.0276873630765469,6.69739684281208,1.81379917801751,0.0331475639066579,3941.69173201167
"220",2,4,1990,2077.2,7965.17400376264,0.0279933999600712,6.81103556230791,1.80888905050908,0.0343736663386363,4229.6438118599
"221",2,4,1991,3386.3,11389.2566371827,0.0299739232051165,7.57360979698946,1.77865185832453,0.0430361167105906,6020.30337230605
"222",2,4,1992,1976,7149.93011052104,0.0275516074328143,6.64735215197131,1.81599898575652,0.0326130916928004,3812.93781636389
"223",2,4,1993,12133,29733.5244009276,0.0432546209932346,13.7608687130087,1.62484022085816,0.136166797800176,15627.9830792924
"224",2,4,1994,2747.2,11710.5728904817,0.0302673083100627,7.69051267733544,1.77438472478919,0.0444289573348881,6275.45298122125
"225",2,4,1995,3694,13572.6310668646,0.0313704559377077,8.13896716898596,1.75878975602211,0.0499258217850186,7213.18854751235
"226",2,4,1996,9884.1,28976.7688728341,0.042671552916383,13.4557325499573,1.63028721812158,0.130799473822142,15272.4764448143
"227",2,4,1997,1211.3,9318.93417172262,0.0288691368563886,7.14246394712384,1.79520028367396,0.0380468368043048,5036.56108211672
"228",2,4,1998,5523.3,19404.9205689775,0.035244564040179,9.82064368606893,1.70900430071082,0.0725739047700757,10263.4507201753
"229",2,4,1999,1570.2,9105.58511337861,0.0287057046056168,7.07991328699057,1.79771530823967,0.0373426425725924,4887.84654236901
"230",2,4,2000,11197,31727.0592379352,0.045062453260343,14.7227419108664,1.60851672395521,0.153490507502134,16700.5425531673
"231",2,4,2001,2135.3,10941.465220343,0.0298278536883739,7.51578113630727,1.78079582504437,0.0423533581826922,5892.33765908382
"232",2,4,2002,890.49,7278.8497826869,0.0276666599182057,6.68975036756896,1.81413378561439,0.0330656824567388,3922.09720935958
"233",2,4,2003,1250.7,6709.24494749627,0.0273158279036694,6.56096921683891,1.81985189802359,0.0316984832456632,3587.80367374023
"234",2,4,2004,4649,15869.3392246408,0.0327842724092156,8.73382534241266,1.73977418651307,0.0575809684665469,8367.92251523639
"235",2,4,2005,774.47,6373.19092556503,0.0271463371684893,6.4992927516793,1.82264727864893,0.0310516642102956,3424.76158996881
"236",2,4,2006,3094.2,14617.1658706797,0.0319785439597529,8.39208638901704,1.75048273296047,0.0531335152947787,7716.09508248957
"237",2,4,2007,5606.8,19756.9426669719,0.0354697992875479,9.92329539245819,1.70632172877382,0.0740538312630442,10430.3204034938
"238",2,4,2008,6496.2,25242.0362670203,0.0396258156158224,11.9057403005117,1.66033133716904,0.104599224882743,13332.6979352428
"239",2,4,2009,2259.1,12422.8791255788,0.0307074326692628,7.86775778631244,1.76807911543388,0.0465726158083892,6653.61702921259
"240",2,4,2010,5346.2,21376.6140122801,0.0366742384899894,10.4808552389012,1.69232850049851,0.0822747789892419,11305.0464223616
"241",2,4,2011,1103.8,9082.03007766062,0.0287049113491945,7.07961046143385,1.79772755899575,0.0373392456627653,4887.12265892434
"242",2,4,2012,1054.4,7522.34823874751,0.027780136624924,6.73172572315178,1.81230357898435,0.0335161367822055,4029.31778236815
"243",2,4,2013,5026.1,17817.072711754,0.0340986415728771,9.3064769852866,1.72299129138968,0.0653241367689854,9397.6097899373
"244",2,5,1987,4070.7,13674.8076746326,0.0314752855570979,8.18230569164412,1.75734344078541,0.0504697317538384,7300.57735458772
"245",2,5,1988,1340.4,6996.76848231698,0.027512684870125,6.6330452480528,1.81663218713054,0.0324609152523783,3775.90568647812
"246",2,5,1989,2054.6,8027.17502283021,0.0280445742510848,6.83014861887143,1.80807452860674,0.0345815750672922,4277.4866331478
"247",2,5,1990,2366.5,8867.77795011002,0.0285074862024548,7.00447782076984,1.80078971027474,0.0365001308232771,4706.3381144085
"248",2,5,1991,3704.3,12495.6173106688,0.0306504480317424,7.84468315183455,1.76888915798218,0.0462913867440663,6604.96120675431
"249",2,5,1992,2138.3,7839.39653347467,0.0279410408274949,6.79151280333448,1.80972435450643,0.0341618014961857,4180.6026756886
"250",2,5,1993,12699,31571.7832591223,0.0448831935012725,14.6263375923882,1.61009855967791,0.151727848265521,16596.1305354829
"251",2,5,1994,2963.5,12630.2182317384,0.0308402654779389,7.92169033907888,1.76619813663904,0.0472324362592797,6766.68548700789
"252",2,5,1995,3911.2,14446.5285021571,0.0319326378301749,8.37283288370064,1.75110295582023,0.0528869097501665,7678.46448114111
"253",2,5,1996,10325,30474.7773562201,0.0439799462094487,14.1439785633699,1.61819064785946,0.142995221584086,16063.596676809
"254",2,5,1997,1336.4,10065.4767044475,0.0293130020623739,7.31395033085186,1.78845834068589,0.0400031675133077,5436.2453912603
"255",2,5,1998,5864.7,20614.3806889017,0.0361161989383671,10.2207356979885,1.69873947794727,0.0784015198641684,10903.3976774159
"256",2,5,1999,1718.8,9781.07878566711,0.029104367842133,7.23305339494969,1.79161135446683,0.0390756105209318,5249.13726773496
"257",2,5,2000,11815,33678.2026210665,0.0468653253614527,15.7041231972569,1.59303142468639,0.171741281866647,17728.1354547151
"258",2,5,2001,2298.2,11724.6106325729,0.0303103462667078,7.70774587638212,1.77376309749755,0.044635702214936,6312.67385088403
"259",2,5,2002,961.85,7750.08194268876,0.0279363349659041,6.78975979078601,1.80979952436015,0.0341428022399178,4176.1905243294
"260",2,5,2003,1338.2,7150.90651878345,0.0275632196326052,6.65162406759038,1.81581029170894,0.0326585837504723,3823.97589060033
"261",2,5,2004,4949,16888.5331267941,0.0334639433552348,9.02762911002921,1.73099299551463,0.0615090430165371,8905.43308821827
"262",2,5,2005,844.15,6787.51973685268,0.027378020982869,6.58368904085485,1.81883157629,0.0319380574515714,3647.3768854005
"263",2,5,2006,3304.2,15518.3999998716,0.0325648710625285,8.64005904242708,1.74265737225799,0.0563475218607272,8192.02962917001
"264",2,5,2007,5939.8,20832.7201088117,0.03624816708332,10.2819732620617,1.69721227967191,0.0793074608969163,10998.9391840582
"265",2,5,2008,6845.7,26634.9446324608,0.0407548494906678,12.4713903389183,1.64886844253189,0.113944807857384,14068.6189324119
"266",2,5,2009,2452.6,13196.7241189418,0.0311960048735335,8.06712203543698,1.76121003171257,0.0490290205817955,7067.11202775059
"267",2,5,2010,5617.9,22568.7671492876,0.0375681020864915,10.9038093468156,1.68230878210226,0.0887101368638133,11935.8408313457
"268",2,5,2011,1187.7,9629.01545868938,0.0290287704102924,7.20386836764035,1.79276079288288,0.0387430246533997,5181.00846259002
"269",2,5,2012,1124,7946.83282226528,0.0280224875158447,6.8218955685194,1.8084258473933,0.034491740301066,4256.84847175741
"270",2,5,2013,5271.6,18763.1146548124,0.0347547965548359,9.59922189012141,1.71491195097057,0.0694182233460512,9896.88637686385
"271",3,1,1987,750.74,4704.9226592749,0.0477929478375517,16.2170061917573,1.04572046804505,0.181485963448441,5048.39090016509
"272",3,1,1988,273.32,2574.9076610007,0.0435913833462598,13.9382642961774,1.05254646169974,0.139316481779876,2864.8139486571
"273",3,1,1989,396.93,2570.94129657979,0.043166353994809,13.7145116655329,1.05607014740606,0.135347236983788,2632.30638250821
"274",3,1,1990,502.88,2754.82752060787,0.0432438189660475,13.7551924623484,1.05772531581566,0.136066366754787,2674.85285082113
"275",3,1,1991,659.07,3453.14488852684,0.0442638930366954,14.2949943007853,1.0579765268499,0.145713360193696,3228.11118175251
"276",3,1,1992,356.3,2240.9549821345,0.0423222147922402,13.2741564655969,1.05914595671639,0.127636614891546,2163.66239562078
"277",3,1,1993,2161.5,9044.3889378338,0.0542421018441049,19.9067043498809,1.05391674710949,0.254745241098742,8052.08432401063
"278",3,1,1994,529.2,3707.58717360197,0.0449190734902089,14.6456159356554,1.05580199876852,0.152079881445323,3576.77729575882
"279",3,1,1995,630.98,4251.58156862728,0.045703895000978,15.0694799679876,1.05630477426623,0.159876183831813,3987.8005390866
"280",3,1,1996,1938.4,9446.18388861509,0.0552680006413506,20.510049253665,1.05212212133743,0.267099209109137,8496.70120796203
"281",3,1,1997,362.88,3279.431359931,0.0443304316047815,14.3304654675846,1.0552452633364,0.146353928652366,3263.7555187172
"282",3,1,1998,1049,6416.7057136506,0.0495239964348444,17.1873282970583,1.05416665097743,0.2002639303068,5892.67676302047
"283",3,1,1999,403.29,3262.49934079044,0.0441754682806712,14.2479043675087,1.05631160728781,0.14486421161805,3180.65953075125
"284",3,1,2000,2220.2,10124.0141431759,0.0566601219450322,21.3343940926699,1.05154752670927,0.28407799292999,9087.01532111944
"285",3,1,2001,709.1,4002.68333449055,0.0455602490828508,14.9915922473257,1.05433100513252,0.158435615017428,3913.10126641609
"286",3,1,2002,204.72,2614.18332140783,0.0431264191388717,13.6935573661158,1.0569515789676,0.13497726198742,2610.34292857788
"287",3,1,2003,217.09,2330.46869230503,0.0425226342707171,13.3782136938316,1.05854243049408,0.12944630316229,2275.77079817345
"288",3,1,2004,865.33,5836.26526411475,0.0482559223350242,16.474882298443,1.05635273631806,0.186434613718768,5277.1566913448
"289",3,1,2005,325.39,2595.49146339186,0.0429745229708829,13.6139650043229,1.05800723253632,0.133574711243142,2526.61655618452
"290",3,1,2006,771.19,5542.64293985669,0.0477743393230192,16.2066672113216,1.05633006998029,0.181288224499504,5039.14976412351
"291",3,1,2007,790.94,7124.35491946369,0.0507501174736613,17.8842270571438,1.05411765007765,0.213994428778897,6473.02553244111
"292",3,1,2008,1361,9375.09604066447,0.0552937064750369,20.5252142091006,1.0510641802246,0.267410603199833,8507.73563724366
"293",3,1,2009,576.24,4972.01121526443,0.0472430713874768,15.9123548148788,1.05325414327441,0.17568152712911,4773.78830314321
"294",3,1,2010,999.86,7643.28647545032,0.0519505592373011,18.5735656249439,1.0520985402246,0.227748434339797,7027.79235578293
"295",3,1,2011,229.06,3550.68468992508,0.0447756089453471,14.5685853974998,1.05500106599496,0.150674624570122,3500.86691516328
"296",3,1,2012,282.61,3042.01765836987,0.0437679112197662,14.0315863877381,1.05692953775228,0.140981882925933,2960.71595047962
"297",3,1,2013,1316.8,7201.15713215893,0.0508506040465415,17.9416714417519,1.0543589422146,0.215134373124021,6519.96458231299
"298",3,2,1987,1250.4,6224.69042411178,0.0505354719085111,17.7616859608665,1.0444326647092,0.211566680186517,6372.44873086198
"299",3,2,1988,389.18,3057.77883297637,0.044452267235755,14.3954960384261,1.05146931165747,0.147530380009943,3328.88373094806
"300",3,2,1989,597.27,3329.96894218215,0.0444536748135849,14.3962479525912,1.05486597905545,0.147543998326014,3329.63511944128
"301",3,2,1990,705.43,3565.38633532172,0.0446255285942141,14.4881547614863,1.05641169261347,0.149211244370183,3421.19521030635
"302",3,2,1991,1068.2,4973.56414287075,0.0468913977307193,15.718467485261,1.05599940533689,0.172011985899917,4596.48530057724
"303",3,2,1992,523.04,3062.50997470978,0.0437394340713446,14.0165164742263,1.05742512043629,0.140712558709178,2945.27141269646
"304",3,2,1993,3828.9,14337.4715922029,0.0660361467914707,26.9984135597967,1.04852797468689,0.401150396969648,12720.7884018424
"305",3,2,1994,776.4,5025.75763080108,0.0475063510490385,16.05799725026,1.05190327665235,0.178450633704649,4905.66400003818
"306",3,2,1995,1038.8,5963.91433607045,0.0489372697459849,16.8565956801272,1.05283847885866,0.193816341134126,5609.8643429422
"307",3,2,1996,3245.8,14068.7108384804,0.0658107951611863,26.8609415484877,1.04641951497557,0.398345516145885,12639.6710104185
"308",3,2,1997,481.19,4220.21731758576,0.0462598635725751,15.3722066721521,1.05150379198813,0.165508134595844,4274.72113923303
"309",3,2,1998,1550.7,8526.98477165522,0.0537962878524712,19.6457069315159,1.05044796934925,0.249424532339478,7856.24451936576
"310",3,2,1999,556.16,4127.86098299134,0.04584121306831,15.1440634576426,1.05365814143636,0.161258918871497,4058.99001186586
"311",3,2,2000,3380.9,14219.5771201309,0.0660999714762672,27.037353743772,1.0467094640076,0.401944246952124,12743.7123848672
"312",3,2,2001,1036.1,5204.30959338243,0.0479421022168004,16.2999499549152,1.05081450085649,0.183074187369107,5122.33240788854
"313",3,2,2002,290.4,3226.98277203934,0.0443268566321063,14.3285588828497,1.05461686258801,0.146319477560488,3261.84178638724
"314",3,2,2003,309.77,2891.30519682185,0.0435499248079355,13.9163801341539,1.05686113305228,0.13892678125646,2842.23452490296
"315",3,2,2004,1221.2,7175.37742432427,0.0508073756172489,17.9169534269261,1.05434596111742,0.214643716120614,6499.78319962483
"316",3,2,2005,449.06,3097.39339514414,0.0438974188014669,14.100195123045,1.05654524169162,0.142209923152143,3030.82765860901
"317",3,2,2006,1112.2,6740.39187024703,0.0500245948450857,17.4709404480239,1.05455609489117,0.205828982418406,6131.33746760671
"318",3,2,2007,1118.1,8764.30841223267,0.054034214001028,19.784905429939,1.05180927727603,0.252260339331672,7960.96320029174
"319",3,2,2008,1946.2,11733.7305208944,0.0604917728455229,23.6305561334113,1.04787645097341,0.331689137013686,10639.8115144392
"320",3,2,2009,782.15,5882.37392295156,0.0490694044575032,16.9309178431175,1.05083767173333,0.195261167021337,5673.85026642279
"321",3,2,2010,1439.7,9575.35302965806,0.0559598702872322,20.9189733579266,1.04921416540457,0.275509233207601,8791.91671391616
"322",3,2,2011,312.58,4141.74463493123,0.0459446220521355,15.2003107153612,1.0530109993777,0.162303812685032,4112.45945987441
"323",3,2,2012,384.82,3539.0278005322,0.0446989260868903,14.5274702280682,1.05548049638349,0.149926061443569,3460.19244917938
"324",3,2,2013,1828.5,8725.64541798357,0.0538874742964401,19.699030070879,1.05231531923774,0.250510327779945,7896.43313751709
"325",3,3,1987,1923.3,8336.79159125693,0.0546101682946795,20.1227396141242,1.04264556984773,0.259160506356798,8212.56151275318
"326",3,3,1988,640.72,3915.83692120596,0.0459916438238524,15.225910248794,1.04981499280122,0.162779964157977,4136.7331093689
"327",3,3,1989,1011.5,4653.64098615447,0.046776525139609,15.6552992796907,1.05288331268017,0.170820695337489,4538.28186030144
"328",3,3,1990,1092.8,4904.9812835804,0.0470062037415396,15.7816802343745,1.05424654461694,0.173206216408134,4654.51271965459
"329",3,3,1991,1764.5,7255.83037572544,0.0511452726219838,18.1104001544249,1.05293788760942,0.218489427118616,6657.07653847098
"330",3,3,1992,885.14,4374.26423327274,0.0460956099283296,15.2825620986403,1.05472835628735,0.163835001823913,4190.31466827364
"331",3,3,1993,5550.2,20252.2321207627,0.0823639392584847,36.8928013672223,1.04214489700107,0.587798073113469,17963.7654597266
"332",3,3,1994,1356.2,7174.78450228061,0.0518742593156231,18.5295554086957,1.04678655115675,0.226865664991081,6992.91481142266
"333",3,3,1995,1865.5,8633.23018833422,0.0543679972279651,19.9805426750559,1.0479366501042,0.256253230889278,8107.09699117422
"334",3,3,1996,5061.4,19546.4761033209,0.0810300630484793,36.09765333707,1.03929020741645,0.574207026856683,17576.3187526427
"335",3,3,1997,709.66,5379.58905890692,0.0487635214924642,16.7590118009829,1.04683670159194,0.191922984624873,5525.46370388208
"336",3,3,1998,2730.4,12324.6121594334,0.0622545491892508,24.6971279679079,1.04483050522994,0.353810825707578,11321.4302124418
"337",3,3,1999,854.73,5372.1624466148,0.0483672167288133,16.5370558754746,1.04970316704254,0.187632423993544,5331.8224334203
"338",3,3,2000,5755.9,21304.5702480265,0.086217133285701,39.1679358663308,1.03870718136074,0.625092007908386,19048.7177027124
"339",3,3,2001,1809.5,7250.98063739161,0.0522752008916406,18.7611071747697,1.04494851907351,0.231516853466892,7175.61926148168
"340",3,3,2002,507.3,4167.97522439843,0.0462676788157374,15.3764762919222,1.05078947862989,0.165587934370695,4278.72975452902
"341",3,3,2003,560.64,3891.40109049296,0.0454230554807108,14.9173307428856,1.05403598812305,0.157065406916622,3841.53713709684
"342",3,3,2004,1979.4,9723.48857999126,0.0560119501840692,20.9498173373766,1.05072553845412,0.27614463016634,8813.99088060258
"343",3,3,2005,744.91,3952.57629371385,0.0455293009521311,14.9748294114656,1.05395079360169,0.158126039840389,3896.97667225314
"344",3,3,2006,2014.4,9191.11493468022,0.0549343691515402,20.3134301775136,1.05113558847169,0.263065585662034,8353.01987838282
"345",3,3,2007,1907.8,11688.7051564866,0.0604492892458096,23.6049176358536,1.04757020543323,0.331156800364381,10623.1401763833
"346",3,3,2008,3188.3,15645.0449042398,0.0702528073226481,29.573026769713,1.04239594926787,0.45288819127622,14189.6115930577
"347",3,3,2009,1237.9,7440.16951926965,0.052363449268752,18.8121664079701,1.04669070352279,0.232544652851968,7215.64483946772
"348",3,3,2010,2441.5,12970.542552623,0.0637617511984759,25.6126286088136,1.04420869220838,0.372729076545056,11889.0902991888
"349",3,3,2011,505.33,5086.56295612982,0.047904995912354,16.2793033081592,1.04962555971086,0.182678530425562,5103.95891749026
"350",3,3,2012,674.77,4462.22537770861,0.0464613826003764,15.4824244551925,1.05294921853417,0.167571330246395,4377.86903991848
"351",3,3,2013,2939.1,11670.3587947927,0.0602542866301948,23.4872792796688,1.04851298671539,0.328714103091349,10546.4669765226
"352",3,4,1987,2142.4,8948.89652988926,0.0558513212815308,20.8547135606316,1.0421282262476,0.274185909443324,8745.8418967409
"353",3,4,1988,757.58,4266.57393880828,0.0466220280298418,15.5704706564532,1.04924920859906,0.169224244955281,4459.77573971898
"354",3,4,1989,1177.3,5118.99173201167,0.0476206421323374,16.121349929208,1.05219498865582,0.179658480721609,4962.68458899716
"355",3,4,1990,1286.7,5516.3438118599,0.0481198902605429,16.3989848184122,1.05337050220384,0.184974853810381,5210.16877537461
"356",3,4,1991,2012.9,8033.20337230605,0.0526909741174905,19.001958116794,1.05182559729637,0.236371691580941,7363.60821439912
"357",3,4,1992,1019,4831.93781636389,0.0469502698644832,15.7508726676979,1.05376531114343,0.172623931254303,4626.25928982259
"358",3,4,1993,6005,21632.9830792924,0.0867644013259793,39.4882169654612,1.04049093950795,0.630148909054942,19198.8674827222
"359",3,4,1994,1538.4,7813.85298122125,0.053231063028031,19.3159005902305,1.04539182224631,0.242724002375041,7605.60277785939
"360",3,4,1995,2169.8,9382.98854751235,0.0559960214979662,20.9403827680763,1.0465834440221,0.27595025996673,8807.24165517056
"361",3,4,1996,5564.3,20836.7764448143,0.0851240702504705,38.5260332184324,1.0375152562707,0.614812547550638,18745.9481519272
"362",3,4,1997,828.02,5864.58108211672,0.0497656301787662,17.3240636256421,1.04550760755432,0.202942918389419,6008.17556329727
"363",3,4,1998,3039.1,13302.5507201753,0.064652116012524,26.1546295740393,1.04332191763442,0.383881350966215,12218.1585129225
"364",3,4,1999,990.81,5878.65654236901,0.0493807900139187,17.106435001916,1.04849441705799,0.198682649329204,5823.95909785584
"365",3,4,2000,6266.3,22966.8425531673,0.0917995713172203,42.3979173230822,1.03669499041601,0.673873983101105,20537.4907062782
"366",3,4,2001,2014,7906.33765908382,0.0537025182329514,19.5909064718649,1.04335463354385,0.24830934719523,7814.84631221879
"367",3,4,2002,580.95,4503.04720935958,0.0469465747447122,15.7488381246086,1.04968142113093,0.172585494381537,4624.39161857821
"368",3,4,2003,633.65,4221.45367374023,0.0460488475445019,15.2570723195508,1.05318356124371,0.163360077833171,4166.22946187033
"369",3,4,2004,2222.2,10590.1225152364,0.0578922378645071,22.0687982098446,1.04955161048182,0.299273922245239,9597.50526053483
"370",3,4,2005,823.29,4248.05158996881,0.0461022954517549,15.2862074716034,1.05309400851783,0.163902951950276,4193.75608504851
"371",3,4,2006,2221.6,9937.69508248957,0.0565291234754204,21.2565666228321,1.05006114725065,0.28247095727321,9032.08853839086
"372",3,4,2007,2131.8,12562.1204034938,0.0625139036438724,24.8544577319311,1.04627933138566,0.35706785288384,11420.0837033846
"373",3,4,2008,3486.1,16818.7979352428,0.0734807299430092,31.540795935848,1.04074561328965,0.491153513031291,15255.6207607015
"374",3,4,2009,1398,8051.61702921259,0.0536782780244817,19.5767456227186,1.04532158469742,0.248021290497918,7804.13278078788
"375",3,4,2010,2687.8,13992.8464223616,0.0663290947791411,27.177161434374,1.04264291254903,0.404791970487149,12825.8248873151
"376",3,4,2011,580.33,5467.45265892434,0.0486878832450789,16.7165821685995,1.04849370012452,0.191101068796659,5488.62737422347
"377",3,4,2012,754.88,4784.19778236815,0.0470891762757085,15.8274155219327,1.05209167469393,0.174071557077096,4696.36210433517
"378",3,4,2013,3191.1,12588.7097899373,0.0623958760887003,24.7828481907029,1.04729455029711,0.355585657861923,11375.2391185032
"379",3,5,1987,2405.3,9705.87735458772,0.0574253190069567,21.7899974285926,1.04148879033036,0.293499142728948,9405.34159914244
"380",3,5,1988,883.37,4659.27568647812,0.0473421739934911,15.9671281920203,1.04858483375048,0.176721678198804,4823.51444323723
"381",3,5,1989,1414.4,5691.8866331478,0.0486786000133947,16.7113768722407,1.05136454310848,0.191000291098739,5484.10243639212
"382",3,5,1990,1555.7,6262.0381144085,0.0495134680473881,17.1813774326512,1.05230732847723,0.200147511820626,5887.63148320296
"383",3,5,1991,2335.2,8940.16120675431,0.0545567112456939,20.0913327366195,1.05050785148047,0.25851802380028,8189.32146431057
"384",3,5,1992,1216.4,5397.0026756886,0.0480237068422719,16.3453843138037,1.05260522994244,0.183945578029748,5162.68962969631
"385",3,5,1993,6562.2,23158.3305354829,0.0919121119296245,42.4621476169255,1.03861760558036,0.674794061067739,20566.564082097
"386",3,5,1994,1769.4,8536.08548700789,0.0548077675109162,20.2389207212409,1.04381406396054,0.261538897041648,8298.26926046391
"387",3,5,1995,2399.2,10077.6644811411,0.0575714063858925,21.8771646676462,1.04518366618461,0.295303942240198,9465.63230484114
"388",3,5,1996,5949.8,22013.396676809,0.0890585780033265,40.822484276448,1.03581423537666,0.650696017391145,19818.1642095029
"389",3,5,1997,1050.8,6487.0453912603,0.0510401369408027,18.0501517142628,1.04410049370497,0.21729028602829,6608.24681032554
"390",3,5,1998,3462.7,14366.0976774159,0.0673610106082339,27.8070863452774,1.04170238524792,0.417572419158227,13192.1583103608
"391",3,5,1999,1159.8,6408.93726773496,0.0504677809055618,17.7230878409799,1.04720850200011,0.21080312893896,6340.64203444861
"392",3,5,2000,6879.8,24607.9354547151,0.097678359187504,45.7022978664061,1.03466463525212,0.718699902275847,22010.4524921045
"393",3,5,2001,2310.7,8623.37385088403,0.0552956282841261,20.5263480547949,1.04169968225085,0.26743388695843,8508.56038265456
"394",3,5,2002,668.76,4844.9505243294,0.0476516899683275,16.1385733851055,1.04853592492809,0.179987197452716,4978.15092586043
"395",3,5,2003,712.19,4536.16589060033,0.0466595245625582,15.5910449483772,1.0523250289288,0.169611093915831,4478.85309985696
"396",3,5,2004,2509.8,11415.2330882183,0.0597450676450842,23.18043841222,1.0484108174283,0.32234211342135,10345.0708121866
"397",3,5,2005,915.47,4562.8468854005,0.0467135222290775,15.6206887905152,1.05223782776598,0.17016887199785,4506.29893313514
"398",3,5,2006,2445.2,10637.22962917,0.0580697934857317,22.1749682132048,1.04902777206117,0.301474571352381,9670.17303528532
"399",3,5,2007,2392.8,13391.7391840582,0.0645415159318018,26.0872631157417,1.04504759064623,0.382497516176308,12177.5293988261
"400",3,5,2008,3811.6,17880.2189324119,0.0765343930456046,33.3938405842733,1.03922190242131,0.525938233473372,16221.8251011468
"401",3,5,2009,1585.4,8652.51202775059,0.0549950695473711,20.3491742742409,1.0440271265879,0.263798348634599,8379.22586211239
"402",3,5,2010,2945.1,14880.9408313457,0.0686535469087101,28.5964449469099,1.0412300731097,0.433458919816882,13643.1757547293
"403",3,5,2011,681.23,5862.23846259002,0.049498194716353,17.1727456607112,1.04742900504325,0.199978671978265,5880.31048459107
"404",3,5,2012,849.69,5106.53847175741,0.0477216404853066,16.1773984745351,1.0512684814646,0.180728726089702,5012.95955886434
"405",3,5,2013,3454.7,13351.5863768638,0.0642427583524203,25.9053440466162,1.04622659557035,0.37875717639754,12067.4313084542
"406",4,1,1987,2093.6,7141.99090016509,0.0556667932285356,20.7455616976391,0.952925944453735,0.271939547679399,6157.30122466829
"407",4,1,1988,649.9,3514.7139486571,0.0500212352860947,17.4690328189173,0.991380359615384,0.205791443709486,3030.13443198385
"408",4,1,1989,955.34,3587.64638250821,0.0501288925578001,17.5301913173489,1.01419978701561,0.206995639664611,3093.00514982279
"409",4,1,1990,1155.8,3830.65285082113,0.0504893037167723,17.7353579333942,1.02693197442796,0.211045796948723,3302.50318247422
"410",4,1,1991,1716.3,4944.41118175251,0.0521746217208605,18.7029545806915,1.03088408930964,0.230347210057622,4262.69809506699
"411",4,1,1992,924.86,3088.52239562078,0.0493966515114551,17.1153893925173,1.03906685761204,0.198857553205726,2662.69287360461
"412",4,1,1993,6019.4,14071.4843240106,0.068283749594672,28.3705923499089,1.00937456139199,0.428929093925044,12131.3571124252
"413",4,1,1994,1395.3,4972.07729575882,0.0522171987436148,18.7275662906167,1.0205229037298,0.230842110664705,4286.55231574904
"414",4,1,1995,1798.2,5786.0005390866,0.0534853171522453,19.4641016048673,1.02450206751693,0.24573163175363,4988.25269307049
"415",4,1,1996,6102.3,14599.001207962,0.069353986906953,29.0242201720237,0.999518121533634,0.442002042179433,12586.1437640844
"416",4,1,1997,948.96,4212.7155187172,0.0510612141030618,18.0622258923609,1.01708140462378,0.217530500867247,3631.89046191801
"417",4,1,1998,2998.1,8890.77676302047,0.0586119875283915,22.4996652178893,1.01283209086953,0.3082090583009,7664.95258271885
"418",4,1,1999,1120.1,4300.75953075125,0.0511939187346647,18.1382945961627,1.02465328205122,0.21904504161236,3707.79322704743
"419",4,1,2000,7069.9,16156.9153211194,0.0726136247352348,31.0128852565566,0.994853093123664,0.48101354018005,13929.2575228506
"420",4,1,2001,2170.1,6083.20126641609,0.0539560103575965,19.7391287724271,1.00853620353553,0.251327271091168,5244.4801888598
"421",4,1,2002,613.23,3223.57292857788,0.0495937185633236,17.2267513453486,1.02549890112787,0.201035543317988,2779.12639587374
"422",4,1,2003,593.99,2869.76079817345,0.0490791030840402,16.9363767774131,1.03660366421041,0.195367383437916,2474.09423890699
"423",4,1,2004,2262.3,7539.4566913448,0.0563228780276424,21.1341386072152,1.02832008486789,0.279944518040983,6499.94540876679
"424",4,1,2005,1038.8,3565.41655618452,0.0500960413859669,17.5115228466379,1.03605292451973,0.206627907716905,3073.83473577673
"425",4,1,2006,3225.5,8264.64976412351,0.0575399946714266,21.8584170889436,1.02572556272738,0.294915717482334,7125.15120660447
"426",4,1,2007,2793.8,9266.82553244111,0.0592653908994557,22.8918916235479,1.01665365590066,0.316350424883634,7989.15163457545
"427",4,1,2008,4281.6,12789.3356372437,0.0657508658320732,26.8243875086415,1.00058491173932,0.397599094623115,11025.9904001309
"428",4,1,2009,1577.9,6351.68830314321,0.0543847802854376,19.9903904173506,1.01107694789575,0.256454437249126,5475.94819737415
"429",4,1,2010,3887,10914.7923557829,0.062215823846624,24.6736444839069,1.00312670585474,0.353324497249021,9409.90412834938
"430",4,1,2011,720.69,4221.55691516328,0.0510745241703956,18.0698517248188,1.01918519793455,0.217682242325785,3639.51228586004
"431",4,1,2012,1187.2,4147.91595047962,0.0509637567947374,18.0064145190446,1.02886256117896,0.21642056410342,3576.02229073763
"432",4,1,2013,4157.6,10677.564582313,0.0617822160122042,24.4108499622216,1.01407452706096,0.347879374904025,9205.3819258923
"433",4,2,1987,3383,9755.44873086198,0.0601253331722861,23.4095265606223,0.945340823241169,0.327099505525676,8410.42365254222
"434",4,2,1988,944.11,4272.99373094806,0.051152048694084,18.1142849950095,0.984503444382902,0.218566791179163,3683.86618235963
"435",4,2,1989,1490.2,4819.83511944128,0.0519833663526067,18.5924968847693,1.00630844824613,0.228128348007744,4155.30461153067
"436",4,2,1990,1674.4,5095.59521030635,0.0524076918565758,18.8377771265362,1.01833636169054,0.233060473196382,4393.04042896139
"437",4,2,1991,2848.9,7445.38530057724,0.056166898085596,21.0416345730296,1.01804751612025,0.278036905681591,6418.84699294369
"438",4,2,1992,1327.1,4272.37141269646,0.051151090515282,18.1137356412708,1.0278040550753,0.218555850843621,3683.31839250016
"439",4,2,1993,10186,22906.7884018424,0.0886012424339115,40.5576081596466,0.976268960080055,0.646683880435287,19748.4787185698
"440",4,2,1994,2043.7,6949.36400003818,0.0553515450924729,20.5593437767322,0.994910852372236,0.268111558082638,5991.22197952022
"441",4,2,1995,2907.3,8517.1643429422,0.0579699556592012,22.1152598538741,1.00109149943824,0.300236864217382,7342.85602979997
"442",4,2,1996,9865.7,22505.3710104185,0.0875589090062119,39.9518448618901,0.962630009594771,0.637383720823681,19402.4115103582
"443",4,2,1997,1239.5,5514.22113923303,0.0530585029052789,19.21546528902,0.991153445624624,0.240688935717357,4753.95427465233
"444",4,2,1998,4394.7,12250.9445193658,0.064715493395624,26.193237378111,0.987553623097223,0.38467411434434,10561.8348333463
"445",4,2,1999,1507.1,5566.09001186586,0.0531396922406208,19.2627049896944,1.005820410617,0.241645801147425,4798.6677395314
"446",4,2,2000,10283,23026.7123848672,0.0889150551561053,40.7394203031613,0.96373114920157,0.64944139800334,19851.8712473555
"447",4,2,2001,3073.4,8195.73240788854,0.0574232277579597,21.7887500458339,0.983712483723327,0.293473320517319,7065.74697105668
"448",4,2,2002,826.44,4088.28178638724,0.0508742466485623,17.9551940717658,1.00809133678853,0.215402891969549,3524.61568940511
"449",4,2,2003,797.81,3640.04452490296,0.0502063847432128,17.5742496303317,1.02393128700664,0.20786403525031,3138.17625643999
"450",4,2,2004,3084.2,9583.98319962483,0.0598221298819634,23.2268401663902,1.01463574442657,0.323305723929133,8262.5808596303
"451",4,2,2005,1266.1,4296.92765860901,0.051188135333191,18.1349777226707,1.02572482616458,0.218978960612199,3704.48941073212
"452",4,2,2006,4286.7,10418.0374676067,0.0613113169150009,24.1257838281232,1.01308061842098,0.341967755916179,8981.63806392475
"453",4,2,2007,3795.3,11756.2632002917,0.0637785419721752,25.6228426325121,1.00170013153612,0.372939612514157,10135.3552998164
"454",4,2,2008,5770.4,16410.2115144392,0.0731579006327923,31.3443244901165,0.981086385153264,0.48739108600958,14147.6334755812
"455",4,2,2009,2063.1,7736.95026642279,0.0566517804325681,21.3294367993304,0.995359586404693,0.283975609378397,6670.21756242451
"456",4,2,2010,5228.1,14020.0167139162,0.0681802351724398,28.3073720799356,0.984644821045339,0.427658805912985,12086.9922348561
"457",4,2,2011,928.21,5040.66945987441,0.0523229043213325,18.7887035227849,1.00571301159699,0.232072260147836,4345.6909810091
"458",4,2,2012,1447.5,4907.69244917938,0.0521181785656546,18.670339707503,1.01857140059511,0.229691659949311,4231.04520370672
"459",4,2,2013,5373.1,13269.5331375171,0.0666883019617085,27.3963925644395,1.00021105610495,0.409249508893049,11439.9794821514
"460",4,3,1987,4676.7,12889.2615127532,0.0659448872021869,26.9427387828448,0.936325022160234,0.400014881382334,11112.1561162163
"461",4,3,1988,1388.2,5524.9331093689,0.0530752690832063,19.2252184330926,0.975297627585163,0.240886442861706,4763.19352777115
"462",4,3,1989,2269.6,6807.88186030144,0.0551211526052367,20.4234603237429,0.994766017994195,0.265321984309899,5869.2471067765
"463",4,3,1990,2438,7092.51271965459,0.0555856264162278,20.697584952092,1.0053771730621,0.270952770898702,6114.63094472787
"464",4,3,1991,4175.3,10832.376538471,0.062064843097175,24.5821087140001,1.00009001649771,0.35142843854461,9338.85240674479
"465",4,3,1992,1934.1,6124.41466827364,0.0540216060446069,19.7775237796191,1.01148915106956,0.252109846820124,5280.01041669454
"466",4,3,1993,13775,31738.7654597266,0.114952832500797,54.7556361148434,0.94146429110011,0.816808893181078,27362.7328002904
"467",4,3,1994,3082.2,10075.1148114227,0.0606946264831999,23.7530230227389,0.964884374816127,0.334231729726143,8686.00955586532
"468",4,3,1995,4350.2,12457.2969911742,0.0651103983038741,26.4338755365084,0.971651238211747,0.389609976737684,10739.7401581924
"469",4,3,1996,13365,30941.3187526427,0.112281884749896,53.4228770532515,0.92198994081204,0.804472027612758,26675.2416687464
"470",4,3,1997,1643,7168.46370388208,0.0557102504696558,20.7712575815649,0.961750483100975,0.27246820622951,6180.12160497758
"471",4,3,1998,6584.5,17905.9302124418,0.0764560214219276,33.3464242979883,0.953792258725272,0.525064642391351,15437.1333442006
"472",4,3,1999,2078.2,7410.0224334203,0.0561083917954806,21.0069567776964,0.980158879266118,0.277322085476406,6388.36981120119
"473",4,3,2000,15163,34211.7177027124,0.12364657277167,58.92127076005,0.917449636891162,0.8512175075385,29494.7268998036
"474",4,3,2001,4609.7,11785.3192614817,0.0638332312087908,25.6561127785675,0.945552724475239,0.373625298567364,10160.4202897649
"475",4,3,2002,1135.4,5414.12975452902,0.052902173635194,19.1245813950111,0.981201769932531,0.238849697191185,4667.66590112865
"476",4,3,2003,1141.1,4982.63713709684,0.0522334649745957,18.736971088097,1.0038468695278,0.231031273398057,4295.66050665409
"477",4,3,2004,4337.4,13151.3908806026,0.0664564385109708,27.2548754452325,0.992144901384443,0.406373226443147,11338.1285263825
"478",4,3,2005,1595.8,5492.77667225314,0.0530249613053081,19.1959570577037,1.00876016986505,0.240293957489681,4735.46190839804
"479",4,3,2006,6243.2,14596.2198783828,0.069348305943035,29.0207508986762,0.990576566892344,0.441932955701772,12583.7482717744
"480",4,3,2007,5590.7,16213.8401763833,0.0727356003453593,31.0871832857534,0.975328667919412,0.482446469200177,13978.3389034719
"481",4,3,2008,8376.8,22566.4115930577,0.0877166285467675,40.0436878483479,0.947984509884328,0.638804900564068,19455.0399753253
"482",4,3,2009,2894.5,10110.1448394677,0.0607573373478275,23.7908981589182,0.968656624766491,0.335017992551861,8716.20870284951
"483",4,3,2010,7460.7,19349.7902991888,0.0797807431642,35.3497597589895,0.953545313818626,0.561167789435697,16681.9174231734
"484",4,3,2011,1252.8,6356.75891749026,0.0543929243405255,19.9951694495759,0.983172938202439,0.25655208845332,5480.32701848661
"485",4,3,2012,1943.9,6321.76903991848,0.0543368362381891,19.9622611686282,1.00091074631477,0.255879762325266,5450.15677997542
"486",4,3,2013,7468.8,18015.2669765226,0.0767028485647983,33.4957307162746,0.975835955611817,0.527812402991383,15531.3890237429
"487",4,4,1987,5149.8,13895.6418967409,0.0679307292131151,28.1549928101766,0.933448002661539,0.424592989309621,11979.779916188
"488",4,4,1988,1612.9,6072.67573971898,0.0539392880951259,19.7293433603604,0.971926484214623,0.251127875991451,5235.41558334205
"489",4,4,1989,2577.5,7540.18458899716,0.0563241055651663,21.1348668957582,0.990546657370142,0.279959541332482,6500.58274938904
"490",4,4,1990,2842.7,8052.86877537461,0.0571818747981252,21.6448694202222,0.999957058448993,0.290495805799083,6942.57675385279
"491",4,4,1991,4701.6,12065.2082143991,0.0643620961860829,25.9780013798047,0.99320332187564,0.380251624504354,10401.7059243844
"492",4,4,1992,2221.8,6848.05928982259,0.0551864755623105,20.4619689493889,1.00521058745798,0.266112203987483,5903.88222950277
"493",4,4,1993,14857,34055.8674827222,0.123079749780718,58.6576805239368,0.931442181094478,0.849216612933977,29360.3609810635
"494",4,4,1994,3484.7,11090.3027778594,0.0625386038643994,24.8694462289773,0.955932466777137,0.357378032286511,9561.22820484827
"495",4,4,1995,4772.1,13579.3416551706,0.0673002104910848,27.7699619113938,0.963094488575693,0.416821609938676,11707.0822268461
"496",4,4,1996,14235,32980.9481519272,0.11924056333324,56.8430198909982,0.911561712473246,0.834809558878127,28433.6546830007
"497",4,4,1997,1867.4,7875.57556329727,0.0568838014993468,21.4674012016889,0.953353090896213,0.286826075430712,6789.74082069425
"498",4,4,1998,7262.8,19480.9585129225,0.0800898573093377,35.5350789748006,0.944386532806212,0.564421578615585,16795.0029965001
"499",4,4,1999,2355.7,8179.65909785584,0.0573960298035893,21.7725281701802,0.972241829872265,0.293137522473285,7051.89288423938
"500",4,4,2000,16342,36879.4907062782,0.13376386703737,63.4416028757993,0.905718894660803,0.882168694604306,31794.676928238
"501",4,4,2001,5024.7,12839.5463122188,0.0658483060835089,26.8838224889766,0.935490383720979,0.398812610575352,11069.2957656903
"502",4,4,2002,1284.3,5908.69161857821,0.0536791514312535,19.5772558173707,0.973649295000763,0.248031667929534,5094.04074806242
"503",4,4,2003,1271.3,5437.52946187033,0.0529386726114963,19.1457915498282,0.997962188832287,0.239278734165196,4687.83487427234
"504",4,4,2004,4808.2,14405.7052605348,0.06895990194675,28.7835485439423,0.984977147243789,0.437201584033134,12419.5028519733
"505",4,4,2005,1741.6,5935.35608504851,0.0537213505984099,19.6019096887701,1.00316190419171,0.248533204960843,5117.02095741968
"506",4,4,2006,6766.8,15798.8885383909,0.0718512262180556,30.548249094009,0.983755034752979,0.472010329420777,13620.5975801725
"507",4,4,2007,6119,17539.0837033846,0.0756335944386673,32.8483505520873,0.967492900783476,0.515834522229191,15120.8630437364
"508",4,4,2008,9077.3,24332.9207607015,0.0924058298100021,42.7434930137106,0.938469922584816,0.67880130949707,20977.9896038795
"509",4,4,2009,3224.5,11028.6327807879,0.062425003530414,24.8005185774292,0.96029649568974,0.355951445810155,9508.05993057243
"510",4,4,2010,8066.9,20892.7248873151,0.0834935625266623,37.5632812193781,0.944290413240365,0.59903629259004,18012.118328476
"511",4,4,2011,1411.2,6899.82737422347,0.0552707787369186,20.5116880620051,0.975996531156353,0.267132858137465,5948.52037672354
"512",4,4,2012,2120.8,6817.16210433517,0.0551362351311154,20.4323503514262,0.995151792625505,0.265504389347213,5877.24771074524
"513",4,4,2013,8030.1,19405.3391185032,0.0799114909059267,35.4281664850271,0.968445277582989,0.562546257477014,16729.8032385831
"514",4,5,1987,5694.4,15099.7415991424,0.0703854536488727,29.6539992434441,0.930017360834553,0.454486991795599,13017.8621125072
"515",4,5,1988,1854.1,6677.61444323723,0.0549098837880408,20.2990153246097,0.968057566850443,0.26277014517949,5756.94778815878
"516",4,5,1989,2910.7,8394.80243639212,0.0577612222817711,21.9905093994371,0.985675079525744,0.297651703340776,7237.36916422741
"517",4,5,1990,3276.7,9164.33148320296,0.0590865952337756,22.7844666789015,0.993714344042185,0.31412013440218,7900.79520527476
"518",4,5,1991,5242.8,13432.1214643106,0.0670087332073841,27.5920004501744,0.985469111145009,0.413218204371289,11580.1543977586
"519",4,5,1992,2533.3,7695.98962969631,0.0565834098461072,21.2888124875944,0.998065018119119,0.283136702468745,6634.90377211111
"520",4,5,1993,15955,36521.564082097,0.132359786662107,62.8348980290637,0.920622793110721,0.878365814617973,31486.0961202082
"521",4,5,1994,3919.8,12218.0692604639,0.0646528265498466,26.1550623956792,0.946198073713558,0.383890239699334,10533.5035451565
"522",4,5,1995,5207.5,14673.1323048411,0.0695057519356617,29.1168986061884,0.954188657199755,0.443846393074037,12650.0659955509
"523",4,5,1996,15091,34909.1642095029,0.126215260911715,60.1019158722996,0.90132567025243,0.859904207496092,30096.0157467828
"524",4,5,1997,2105.9,8714.14681032554,0.0583076110053775,22.3172975327849,0.944694402721951,0.304425869547358,7512.69420172663
"525",4,5,1998,7912.8,21104.9583103608,0.0840176152397002,37.8733774572205,0.934741236728293,0.604164431732758,18195.0921626026
"526",4,5,1999,2638.1,8978.74203444861,0.0587642095557308,22.590952959682,0.964102809473345,0.310103404584428,7740.80232349124
"527",4,5,2000,17549,39559.4524921045,0.144761010843411,67.971616699907,0.893950830674643,0.907484912178457,34105.1352328254
"528",4,5,2001,5463.2,13971.7603826546,0.0680833457849866,28.2481986880473,0.92520182824887,0.426468934220327,12045.4056865037
"529",4,5,2002,1443.9,6422.05092586043,0.0544977334044947,20.0566942255218,0.965897316535288,0.257809664530227,5536.62136027455
"530",4,5,2003,1415.1,5893.95309985696,0.0536558236023817,19.5636300384724,0.991953676993977,0.247754538988929,5081.32946300286
"531",4,5,2004,5330.4,15675.4708121866,0.0715902759115449,30.3891283648334,0.977724329659927,0.468910709719214,13514.1980142728
"532",4,5,2005,1901.4,6407.69893313514,0.0544746639984394,20.043148656599,0.997422826893297,0.257532723757994,5524.23977353403
"533",4,5,2006,7333.4,17003.5730352853,0.074448906293514,32.1294356656115,0.976876676100034,0.502343094041777,14659.1848143828
"534",4,5,2007,6697.5,18875.0293988261,0.078671870873844,34.6835813938339,0.959629448537539,0.549348932946168,16272.6137870518
"535",4,5,2008,9812.4,26034.2251011468,0.0971587603363474,45.4145376233396,0.929185113607753,0.714997841546623,22444.72465752
"536",4,5,2009,3586.6,11965.8258621124,0.0641738224459122,25.8633793582452,0.952033990415041,0.377893685512766,10316.0372700273
"537",4,5,2010,8710.7,22353.8757547293,0.0871687447901405,39.7243694001365,0.935373765749549,0.633846653692006,19271.8115929641
"538",4,5,2011,1590.6,7470.91048459107,0.0562092049515334,21.066717281114,0.968939001702571,0.278554044594743,6440.86577523352
"539",4,5,2012,2320,7332.95955886434,0.0559810595679453,20.9315215378349,0.989403683239998,0.275767713436534,6321.92972760687
"540",4,5,2013,8649.5,20716.9313084542,0.0830619570083796,37.3074306928944,0.961328671521242,0.594772034097253,17860.5580754835
